199603,4,5,30,33,41,52
199603,9,37,39,41,43,49
199603,10,11,29,30,36,47
199604,1,5,6,27,42,59
199604,1,2,6,16,19,46
199604,7,13,19,22,40,47
199604,3,5,20,21,38,56
199604,4,17,37,38,47,53
199605,8,43,54,55,56,60
199605,4,18,21,25,38,57
199605,15,25,37,38,58,59
199605,4,16,19,20,27,43
199606,18,32,47,50,54,56
199606,2,16,23,27,47,53
199606,12,33,35,51,52,60
199606,20,32,34,49,58,60
199607,6,10,13,19,20,51
199607,23,27,36,37,42,56
199607,5,10,12,24,25,60
199607,11,25,28,30,33,51
199607,6,33,36,46,49,53
199608,1,9,31,38,46,56
199608,17,37,39,51,52,59
199608,1,8,14,28,33,43
199608,24,43,50,54,55,56
199609,10,22,50,53,57,58
199609,13,17,20,33,44,51
199609,3,6,22,24,54,60
199609,3,8,14,43,56,58
199609,7,14,15,29,38,50
199610,17,19,28,45,48,56
199610,5,14,33,36,43,44
199610,5,17,33,39,42,49
199610,13,15,17,40,53,57
199611,4,16,21,23,54,57
199611,3,13,17,25,29,51
199611,6,7,22,38,52,60
199611,10,42,43,45,54,55
199612,12,16,37,45,52,56
199612,3,5,8,12,46,47
199612,12,26,35,38,39,47
199612,7,11,19,24,33,36
199612,2,6,17,25,26,58
199701,14,18,29,38,44,47
199701,7,30,37,44,53,55
199701,1,23,24,32,46,60
199701,3,17,25,35,48,56
199702,2,5,28,34,47,50
199702,7,13,33,35,43,55
199702,6,16,21,44,57,58
199702,17,23,24,25,42,47
199703,15,30,38,46,58,59
199703,3,13,16,38,42,46
199703,5,9,18,21,36,56
199703,2,14,23,29,38,52
199703,2,7,20,35,51,59
199704,7,16,17,27,34,59
199704,12,27,30,37,44,49
199704,2,8,13,28,34,54
199704,3,14,15,20,21,38
199705,8,18,29,42,44,59
199705,6,8,13,24,31,52
199705,9,25,26,40,41,49
199705,8,12,23,50,54,60
199706,1,5,20,25,32,34
199706,12,13,15,26,33,48
199706,12,14,17,27,47,52
199706,1,3,12,13,53,59
199706,25,34,45,53,56,58
199707,17,23,27,40,43,58
199707,16,27,33,43,45,53
199707,1,19,34,43,44,48
199707,25,26,28,45,51,57
199708,2,24,34,37,38,50
199708,21,24,35,36,37,49
199708,8,17,18,23,33,53
199708,21,29,40,49,54,57
199708,12,22,25,31,32,46
199709,2,13,17,25,31,43
199709,23,28,37,40,48,51
199709,10,23,41,47,54,60
199709,15,18,29,36,51,53
199710,4,15,16,24,42,57
199710,4,6,10,25,34,40
199710,6,15,30,37,45,47
199710,6,21,22,34,36,54
199711,4,5,11,28,32,40
199711,4,18,29,37,43,45
199711,13,34,42,44,55,59
199711,9,21,26,40,52,54
199711,2,4,10,35,39,60
199712,1,3,5,23,24,51
199712,2,22,28,31,36,53
199712,8,18,28,51,52,55
199712,6,40,45,46,50,60
199801,4,7,26,40,42,58
199801,5,11,14,35,53,56
199801,13,14,31,33,35,43
199801,11,24,30,33,46,60
199802,14,29,30,46,48,51
199802,1,18,29,31,37,39
199802,19,20,37,42,44,56
199802,1,7,9,49,54,57
199803,1,4,13,21,38,52
199803,3,13,31,43,46,49
199803,5,16,24,35,38,39
199803,2,4,16,24,51,52
199803,21,24,29,34,59,60
199804,1,13,44,48,49,54
199804,18,31,43,52,57,58
199804,4,22,25,32,33,52
199804,12,20,34,37,42,43
199805,7,26,28,34,54,55
199805,6,12,18,37,47,54
199805,4,6,14,20,24,38
199805,5,13,32,36,42,51
199805,20,25,27,33,42,53
199806,9,22,25,37,56,57
199806,1,21,36,38,47,50
199806,3,16,27,40,45,46
199806,2,29,41,44,53,55
199807,11,17,20,39,43,53
199807,13,14,16,26,32,42
199807,5,15,34,41,52,57
199807,25,41,47,53,56,59
199808,6,10,11,28,32,40
199808,21,29,50,51,54,59
199808,3,9,18,21,23,43
199808,1,9,10,32,46,54
199808,13,29,38,42,49,53
199809,4,9,17,27,30,44
199809,7,9,35,41,44,50
199809,5,6,19,34,39,57
199809,4,25,32,36,52,60
199810,21,22,35,40,53,59
199810,1,17,25,38,45,59
199810,15,16,19,22,26,49
199810,5,14,27,37,40,41
199810,3,13,26,27,41,42
199811,7,31,41,44,46,55
199811,10,13,22,41,42,58
199811,8,15,19,20,54,59
199811,6,18,20,40,50,53
199812,8,32,36,44,45,55
199812,15,16,31,41,43,51
199812,25,32,34,42,51,60
199812,6,16,23,24,28,38
199812,32,35,41,55,58,59
199901,7,11,20,28,45,48
199901,12,44,50,52,54,55
199901,3,16,20,43,52,56
199901,5,12,15,29,51,58
199902,2,30,31,42,45,47
199902,8,10,24,33,45,48
199902,12,30,32,35,43,44
199902,17,23,42,49,52,55
199903,4,13,17,21,41,44
199903,4,14,17,43,51,58
199903,9,11,16,35,50,58
199903,2,13,42,52,54,58
199904,6,25,30,37,39,41
199904,21,23,33,38,48,51
199904,8,27,36,41,53,56
199904,4,10,14,19,28,44
199905,10,19,23,35,39,56
199905,12,13,22,57,59,60
199905,1,11,28,33,38,48
199905,2,9,31,35,45,50
199905,1,13,21,37,51,52
199906,7,41,46,51,55,58
199906,4,27,40,43,46,54
199906,10,14,26,35,36,49
199906,17,28,29,42,49,50
199907,11,22,23,36,52,59
199907,1,10,13,20,42,50
199907,1,3,4,28,45,53
199907,22,35,38,39,41,59
199907,5,15,19,26,27,33
199908,5,6,23,26,27,53
199908,6,23,29,39,51,60
199908,1,27,33,35,51,55
199908,3,5,10,28,46,60
199909,2,7,11,16,40,44
199909,9,16,21,34,41,60
199909,17,22,43,46,55,59
199909,14,23,24,25,26,51
199910,6,36,41,44,48,58
199910,17,27,34,42,43,46
199910,4,15,31,38,41,53
199910,5,10,21,32,40,42
199910,1,3,5,23,41,58
199911,1,26,28,41,54,60
199911,4,11,12,19,43,49
199911,25,28,32,33,42,43
199911,3,9,17,32,37,44
199912,7,9,14,17,24,32
199912,5,12,15,19,29,52
199912,1,8,18,23,35,40
199912,10,16,37,50,52,57
199912,12,15,19,34,44,51
200001,5,20,22,30,35,55
200001,12,24,44,45,49,53
200001,11,19,29,44,47,55
200001,29,31,39,41,51,58
200002,26,32,40,43,46,54
200002,18,20,26,34,51,56
200002,3,7,19,24,53,55
200002,15,23,24,25,47,57
200003,13,21,26,32,41,52
200003,20,32,37,38,48,58
200003,10,20,33,40,45,50
200003,6,15,29,45,57,59
200004,3,9,23,30,32,35
200004,6,12,30,31,35,50
200004,7,28,37,46,53,58
200004,14,18,30,35,42,59
200004,3,27,32,45,49,51
200005,12,17,40,42,47,54
200005,23,26,28,36,42,49
200005,13,14,36,53,55,60
200005,13,27,43,50,54,58
200006,5,19,30,48,52,55
200006,2,6,22,24,28,58
200006,7,16,18,20,21,44
200006,2,4,16,21,37,58
200007,1,2,38,49,50,59
200007,11,26,27,37,42,48
200007,13,16,40,43,45,59
200007,11,13,21,33,39,45
200007,8,40,41,44,53,56
200008,16,27,36,42,44,59
200008,19,22,29,37,41,59
200008,3,7,24,32,36,45
200008,15,25,41,42,45,54
200009,2,22,29,31,41,55
200009,10,25,50,52,57,60
200009,7,31,36,45,56,57
200009,9,13,15,37,41,42
200009,6,21,33,44,46,47
200010,25,28,38,41,57,59
200010,11,31,35,40,56,57
200010,4,7,21,22,28,56
200010,11,16,20,23,32,47
200011,19,24,33,47,50,60
200011,8,27,44,51,53,60
200011,2,16,32,37,43,57
200011,3,10,23,30,34,46
200012,16,32,34,35,41,56
200012,21,36,40,49,54,55
200012,7,25,41,42,43,55
200012,15,23,30,34,49,55
200012,4,17,26,32,51,54
200101,11,12,24,37,44,56
200101,1,4,21,22,30,56
200101,16,19,20,32,44,55
200101,2,21,26,32,34,52
200102,1,4,5,19,28,34
200102,7,12,50,54,55,60
200102,13,15,20,33,43,58
200102,4,6,33,43,59,60
200103,5,16,20,30,54,56
200103,11,20,48,53,58,60
200103,8,9,26,43,50,53
200103,1,5,13,25,31,33
200103,7,16,34,41,50,53
200104,2,23,38,46,48,54
200104,1,8,45,46,55,58
200104,5,6,10,21,33,47
200104,17,18,19,25,49,52
200105,5,9,27,35,40,45
200105,14,24,26,29,31,54
200105,9,10,24,36,56,58
200105,10,17,23,27,47,52
200106,11,13,18,26,39,47
200106,16,19,30,37,38,48
200106,22,39,45,53,57,59
200106,4,26,38,40,52,56
200106,10,15,18,22,31,55
200107,4,23,31,47,58,59
200107,5,16,20,25,30,58
200107,5,11,31,38,47,53
200107,9,14,23,24,33,36
200108,25,28,34,42,48,54
200108,7,8,14,30,32,36
200108,12,32,37,41,50,56
200108,29,35,37,44,47,56
200108,3,13,25,33,47,60
200108,6,9,11,17,18,50
200108,6,7,20,25,30,36
200108,7,25,26,30,40,57
200108,5,16,17,18,22,41
200109,13,23,24,34,45,53
200109,5,6,7,12,28,35
200109,22,25,28,41,45,57
200109,7,12,24,31,44,50
200109,3,20,42,46,51,52
200109,1,20,28,33,36,41
200109,5,22,23,24,34,60
200109,2,5,7,33,49,53
200109,24,27,28,38,41,57
200110,9,26,48,49,57,58
200110,12,25,30,40,41,60
200110,7,13,17,30,37,47
200110,7,11,34,41,42,59
200110,5,11,27,38,53,60
200110,19,30,41,47,56,57
200110,13,16,17,26,41,44
200110,4,11,25,29,39,55
200110,4,11,25,39,50,55
200111,2,14,28,29,31,32
200111,22,24,30,32,38,41
200111,14,23,30,41,47,50
200111,14,16,24,37,38,53
200111,5,32,34,37,40,58
200111,12,21,22,28,43,50
200111,6,24,28,43,51,56
200111,16,20,27,30,35,48
200112,3,19,20,31,40,53
200112,12,16,17,19,23,48
200112,20,22,27,47,50,53
200112,4,11,31,32,48,49
200112,11,18,29,44,47,56
200112,26,31,33,40,49,54
200112,8,15,22,25,30,47
200112,1,3,4,21,23,53
200201,21,23,40,44,51,52
200201,29,32,33,38,46,48
200201,5,7,14,21,23,51
200201,10,11,12,24,35,40
200201,2,4,14,23,37,51
200201,1,13,20,27,35,37
200201,23,28,29,34,42,44
200201,4,27,35,44,52,53
200202,14,23,24,26,41,51
200202,7,23,33,43,57,59
200202,2,18,22,26,30,54
200202,4,14,16,31,52,54
200202,1,4,9,36,46,48
200202,5,12,13,16,27,50
200202,9,10,12,33,42,60
200203,5,16,22,23,43,56
200203,16,29,34,49,51,54
200203,4,6,7,12,24,41
200203,10,12,14,33,35,36
200203,11,22,46,51,56,58
200203,7,12,41,46,56,60
200203,1,10,12,26,48,52
200203,19,30,33,39,40,52
200203,8,9,28,32,38,54
200204,10,15,23,30,43,57
200204,15,16,24,41,59,60
200204,7,20,25,44,47,49
200204,19,23,30,46,55,60
200204,7,16,38,40,41,52
200204,2,14,22,23,37,60
200204,5,19,21,54,56,58
200204,2,30,32,35,45,53
200205,12,17,21,32,40,42
200205,13,19,20,29,31,54
200205,23,24,29,47,53,55
200205,16,28,31,41,45,59
200205,7,20,33,37,46,56
200205,19,29,39,47,49,54
200205,5,29,44,51,57,59
200205,19,23,34,37,52,58
200206,4,6,7,15,21,51
200206,10,12,27,33,49,52
200206,13,29,32,38,44,50
200206,1,14,21,35,42,60
200206,1,4,40,42,51,54
200206,4,18,23,33,39,60
200206,16,17,24,39,46,57
200206,1,5,10,24,31,33
200206,2,5,16,26,44,54
200207,1,5,9,42,51,58
200207,10,13,25,35,43,48
200207,3,12,19,27,45,46
200207,5,38,41,45,48,55
200207,24,33,40,41,55,59
200207,13,22,30,31,47,57
200207,9,10,28,46,55,56
200207,31,34,37,38,53,54
200207,14,22,48,50,53,56
200208,24,28,40,47,50,52
200208,5,12,16,18,22,24
200208,17,35,36,39,43,54
200208,22,28,29,43,47,48
200208,23,36,48,52,53,58
200208,5,14,18,43,46,54
200208,7,12,22,34,38,53
200208,4,7,15,16,35,40
200208,15,23,31,39,47,49
200209,6,12,35,36,40,50
200209,5,15,35,42,45,49
200209,10,11,14,20,31,58
200209,6,18,34,42,45,47
200209,1,2,5,24,32,46
200209,7,16,22,28,36,37
200209,11,16,27,47,55,59
200209,10,13,28,29,54,59
200210,11,18,43,44,50,53
200210,5,16,27,43,56,58
200210,7,16,27,31,46,60
200210,1,24,28,38,40,58
200210,24,29,34,47,57,60
200210,2,12,32,38,47,48
200210,2,18,22,49,51,57
200210,14,28,33,44,49,56
200210,18,25,26,31,34,49
200211,8,24,31,36,38,55
200211,10,12,31,38,45,56
200211,5,12,14,21,45,59
200211,2,4,29,33,35,53
200211,16,26,35,45,52,58
200211,1,4,27,38,42,44
200211,1,13,23,33,54,56
200211,7,12,21,25,34,42
200211,8,15,32,45,49,52
200212,9,16,41,42,52,53
200212,12,29,30,43,57,59
200212,5,35,37,38,45,51
200212,12,37,43,55,56,60
200212,8,22,32,33,40,53
200212,18,27,29,36,46,59
200212,6,10,16,34,42,47
200301,7,30,32,37,50,54
200301,3,13,14,24,43,51
200301,8,28,30,32,46,60
200301,17,26,32,36,43,55
200301,8,10,21,25,38,50
200301,26,37,40,47,52,58
200301,4,13,17,27,39,50
200301,16,17,28,30,36,54
200302,4,10,17,24,30,54
200302,10,11,17,31,37,43
200302,1,6,7,29,48,57
200302,7,10,30,44,54,59
200302,3,5,11,14,38,48
200302,13,20,29,42,43,57
200302,3,5,23,30,46,47
200302,2,10,15,21,58,59
200303,6,15,23,31,37,59
200303,11,17,26,36,48,52
200303,3,24,33,48,52,57
200303,7,20,31,32,50,53
200303,8,11,12,17,20,47
200303,15,24,25,33,42,55
200303,3,5,9,45,51,52
200303,1,8,24,34,49,56
200304,1,9,13,50,51,59
200304,17,18,23,28,31,53
200304,11,16,30,36,51,54
200304,8,20,23,34,52,58
200304,4,17,24,42,46,56
200304,2,14,15,17,50,59
200304,3,17,22,27,33,40
200304,15,17,24,27,32,48
200304,13,24,32,34,43,53
200305,8,15,17,39,43,49
200305,19,23,30,37,49,55
200305,15,17,20,29,30,60
200305,17,19,22,26,27,48
200305,2,3,7,18,45,53
200305,6,24,33,38,45,50
200305,1,22,31,46,51,57
200305,11,16,28,29,30,45
200305,8,18,21,22,38,60
200306,5,6,23,25,39,51
200306,13,21,26,29,42,47
200306,8,11,23,37,51,58
200306,5,31,32,36,51,59
200306,3,4,12,29,38,51
200306,7,23,41,49,51,58
200306,3,12,32,34,40,50
200306,6,8,19,22,43,52
200307,17,20,38,43,55,58
200307,6,8,18,34,38,47
200307,3,8,21,25,30,31
200307,20,26,41,46,54,58
200307,14,33,36,38,41,49
200307,6,13,22,24,42,44
200307,12,13,33,53,54,56
200307,16,18,23,35,44,59
200307,17,18,19,38,49,53
200308,19,28,30,38,52,57
200308,8,14,19,30,42,50
200308,8,22,25,48,52,54
200308,15,30,35,39,43,57
200308,17,28,33,36,53,59
200308,5,11,23,29,54,58
200308,1,9,15,22,43,55
200308,2,6,15,18,56,57
200308,3,18,20,24,42,54
200309,18,20,28,32,49,53
200309,8,15,29,36,49,60
200309,10,19,20,29,41,59
200309,9,13,20,32,41,58
200309,2,6,28,49,50,57
200309,1,4,5,11,44,59
200309,21,29,35,36,38,54
200310,16,27,28,34,39,56
200310,7,13,21,24,33,50
200310,7,10,21,27,48,49
200310,8,11,19,30,39,50
200310,3,20,28,46,47,52
200310,4,15,31,34,37,38
200310,3,5,27,33,44,58
200310,5,10,15,45,46,56
200310,28,32,33,34,35,55
200311,1,4,30,41,45,58
200311,3,4,8,34,36,37
200311,4,8,31,40,53,58
200311,10,19,27,33,39,46
200311,15,36,40,42,51,52
200311,15,16,39,45,48,57
200311,5,13,24,33,34,35
200311,7,8,28,32,38,51
200311,5,8,10,15,18,44
200312,9,15,19,22,36,42
200312,9,12,17,32,34,35
200312,15,25,28,32,38,45
200312,6,14,15,25,49,52
200312,28,39,40,44,45,58
200312,19,29,34,41,47,48
200312,8,10,24,26,32,49
200401,3,21,31,36,55,59
200401,6,14,17,26,50,52
200401,8,12,28,31,34,37
200401,1,13,33,38,45,56
200401,1,6,21,25,32,49
200401,1,3,7,18,35,50
200401,4,9,12,13,52,53
200401,13,18,21,27,53,59
200401,3,8,23,31,48,57
200402,6,14,28,47,49,56
200402,14,15,22,23,25,37
200402,3,7,19,34,37,39
200402,3,25,43,45,52,56
200402,6,16,19,47,50,55
200402,4,22,28,30,44,49
200402,13,27,49,52,57,58
200403,4,6,19,28,35,49
200403,35,37,42,46,49,54
200403,11,17,33,34,47,56
200403,17,29,35,40,43,57
200403,4,5,13,17,46,54
200403,4,13,28,30,53,59
200403,14,47,49,51,58,59
200403,8,13,22,46,51,58
200403,16,17,38,39,45,56
200404,12,21,46,48,56,57
200404,9,22,47,49,52,54
200404,4,43,46,53,54,58
200404,15,29,31,42,47,60
200404,5,23,31,33,45,49
200404,8,10,17,30,33,45
200404,8,12,18,23,38,49
200404,7,14,31,57,58,59
200405,6,13,17,25,36,53
200405,2,11,18,30,32,58
200405,1,20,36,39,49,55
200405,16,23,35,37,55,57
200405,5,8,23,34,44,51
200405,10,13,20,32,38,49
200405,7,31,34,35,37,45
200405,6,13,17,18,20,37
200405,11,31,38,41,57,58
200406,13,17,22,25,29,41
200406,3,9,14,15,32,57
200406,15,32,33,35,36,51
200406,12,13,14,31,50,51
200406,3,9,16,20,33,60
200406,6,17,22,29,40,59
200406,2,10,17,23,32,44
200406,5,18,21,29,35,48
200406,7,8,18,39,43,52
200407,8,23,24,28,31,47
200407,3,18,23,48,56,58
200407,4,9,15,17,34,39
200407,15,16,18,28,38,47
200407,14,17,25,30,39,52
200407,13,29,40,45,51,59
200407,6,7,20,41,43,55
200407,7,8,23,30,32,53
200407,12,24,33,36,39,57
200408,11,13,38,39,45,54
200408,2,18,29,30,36,60
200408,11,13,45,46,53,55
200408,6,7,8,13,33,59
200408,4,5,18,25,28,51
200408,1,3,18,34,50,58
200408,13,14,42,47,55,59
200408,1,25,27,29,49,59
200409,10,13,29,47,53,55
200409,1,2,25,43,50,54
200409,11,14,28,43,54,60
200409,22,27,29,40,42,56
200409,5,16,34,38,50,53
200409,4,6,9,23,45,51
200409,16,18,31,34,39,54
200409,10,19,22,29,30,37
200409,7,13,38,46,55,60
200410,4,8,11,12,29,44
200410,15,25,41,46,49,51
200410,4,24,44,49,52,53
200410,6,23,32,35,41,55
200410,6,11,19,27,41,59
200410,6,13,19,24,30,37
200410,2,6,15,58,59,60
200410,25,30,43,45,47,49
200410,16,21,22,33,48,49
200411,15,18,33,50,53,55
200411,6,13,19,44,54,55
200411,12,16,31,48,57,60
200411,5,8,10,27,31,51
200411,2,12,16,24,26,54
200411,3,5,25,33,36,49
200411,3,8,10,13,24,60
200411,8,12,14,16,19,46
200412,1,3,13,22,29,32
200412,26,29,31,49,50,57
200412,19,27,29,38,50,59
200412,9,23,30,42,49,55
200412,8,23,34,39,43,52
200412,12,24,32,40,42,59
200412,7,8,18,22,39,49
200412,1,13,19,45,56,58
200501,8,16,22,30,56,58
200501,15,16,39,40,47,51
200501,12,16,20,45,53,60
200501,1,20,28,32,44,47
200501,2,19,28,48,51,54
200501,5,11,22,27,46,50
200501,10,13,24,41,42,56
200501,8,20,26,37,42,49
200502,26,28,30,32,34,50
200502,11,18,43,48,52,58
200502,10,11,36,41,42,50
200502,13,35,39,45,51,60
200502,12,19,42,46,59,60
200502,1,9,13,17,33,34
200502,17,36,40,44,51,56
200503,14,24,37,40,42,45
200503,14,27,29,31,34,57
200503,3,24,48,52,53,54
200503,10,13,32,47,49,60
200503,11,12,14,19,54,56
200503,5,23,29,42,45,48
200503,9,24,33,41,48,54
200503,10,24,25,29,53,59
200503,26,28,39,45,48,60
200504,10,18,20,24,56,57
200504,5,9,19,24,31,34
200504,6,10,11,40,41,56
200504,1,26,37,39,43,48
200504,35,36,37,46,51,59
200504,16,20,33,58,59,60
200504,3,6,11,20,36,41
200504,14,29,34,40,51,52
200504,5,11,38,46,53,54
200505,4,27,36,40,42,55
200505,4,18,23,25,56,60
200505,1,27,30,49,51,55
200505,1,12,36,38,55,59
200505,7,8,18,25,47,48
200505,7,16,26,29,45,55
200505,1,4,5,16,23,49
200505,1,2,14,33,49,56
200506,7,24,27,40,41,49
200506,22,37,42,48,58,59
200506,9,16,27,38,39,51
200506,24,28,34,38,43,53
200506,6,11,20,34,37,40
200506,18,22,29,32,38,42
200506,24,25,30,42,43,50
200506,9,15,32,41,42,49
200506,8,10,25,32,48,55
200507,14,31,40,42,44,46
200507,3,21,25,37,54,58
200507,2,3,5,22,26,44
200507,21,25,38,53,58,59
200507,4,27,36,37,47,60
200507,2,11,12,35,40,43
200507,17,19,33,37,40,50
200507,5,12,27,33,43,56
200507,4,5,15,26,33,54
200508,1,7,14,41,48,59
200508,11,21,30,35,47,52
200508,6,7,31,49,51,60
200508,8,12,15,41,47,53
200508,8,16,37,50,55,58
200508,11,18,33,57,58,60
200508,13,14,17,31,41,50
200508,15,19,29,37,41,53
200508,6,11,13,21,40,52
200509,9,16,34,37,53,57
200509,28,31,32,35,51,53
200509,8,12,22,27,43,55
200509,17,23,48,50,53,54
200509,2,3,14,24,31,40
200509,1,13,23,31,48,60
200509,1,18,45,56,57,58
200510,2,11,24,27,30,45
200510,2,4,18,27,34,50
200510,3,11,13,15,26,43
200510,2,7,10,17,22,60
200510,1,8,10,36,43,51
200510,7,9,13,39,45,47
200510,4,6,9,22,29,44
200510,5,25,34,39,46,49
200511,5,10,33,40,41,59
200511,7,8,35,43,53,58
200511,1,12,16,26,46,54
200511,7,8,17,35,39,53
200511,4,12,24,33,36,54
200511,2,7,16,29,32,50
200511,6,17,23,28,35,41
200511,7,21,33,35,39,58
200512,3,32,37,39,47,53
200512,12,31,44,51,54,56
200512,3,14,23,25,36,55
200512,9,18,36,44,57,60
200512,1,6,16,36,50,52
200512,17,27,34,48,51,55
200512,3,9,35,37,41,49
200601,1,5,7,37,40,47
200601,4,12,14,30,42,59
200601,8,13,24,32,42,44
200601,5,18,33,43,56,57
200601,2,15,16,45,50,54
200601,6,15,16,23,28,35
200601,6,17,19,49,50,53
200601,2,12,26,31,43,46
200602,27,29,43,44,45,54
200602,9,15,38,40,42,52
200602,1,21,38,41,49,56
200602,11,12,24,32,33,38
200602,14,15,26,30,42,54
200602,6,10,35,45,49,56
200602,12,16,28,29,47,50
200602,24,26,27,36,39,59
200603,2,7,17,34,41,50
200603,20,23,25,32,54,60
200603,4,12,23,26,39,46
200603,2,16,21,37,43,57
200603,1,10,12,25,49,57
200603,2,3,12,21,23,56
200603,1,2,7,19,35,51
200603,4,24,47,48,50,57
200603,10,17,33,42,54,58
200604,4,7,20,25,38,50
200604,4,23,24,25,29,42
200604,2,7,22,35,43,59
200604,3,4,13,34,42,50
200604,4,12,30,47,49,59
200604,5,27,37,38,41,50
200604,12,17,18,30,32,58
200604,1,23,36,43,47,59
200604,30,31,39,45,48,59
200605,12,17,44,45,46,60
200605,13,17,27,29,40,56
200605,9,12,21,37,39,54
200605,1,9,26,40,47,48
200605,3,7,45,47,53,55
200605,3,10,16,30,37,50
200605,1,19,24,42,50,58
200605,15,22,32,38,50,54
200605,4,8,30,33,37,59
200606,12,16,20,21,29,50
200606,4,12,25,34,35,48
200606,14,21,29,34,46,47
200606,10,35,38,51,52,60
200606,3,5,14,29,34,51
200606,5,10,37,46,54,58
200606,12,27,42,46,47,50
200606,3,15,35,41,57,60
200607,2,14,23,28,50,56
200607,20,31,36,37,45,51
200607,25,26,29,36,52,54
200607,7,10,28,50,51,59
200607,8,10,13,39,54,56
200607,2,11,23,35,42,59
200607,4,8,21,32,43,48
200607,8,27,37,42,53,56
200607,5,8,17,35,37,48
200608,10,11,26,27,31,41
200608,20,31,34,37,54,60
200608,17,19,29,31,44,57
200608,6,31,38,39,50,60
200608,2,6,19,22,28,43
200608,9,14,19,35,42,58
200608,9,29,34,43,45,56
200608,3,15,16,33,51,57
200608,3,38,42,47,55,56
200609,14,21,26,29,36,48
200609,5,19,24,34,39,43
200609,6,12,47,48,52,58
200609,3,4,9,29,32,52
200609,19,29,35,42,55,57
200609,1,7,11,37,38,56
200609,11,19,20,22,42,48
200609,6,14,18,24,48,60
200609,3,5,10,21,28,57
200610,3,13,37,47,56,59
200610,2,30,36,43,48,60
200610,18,26,35,41,47,60
200610,2,8,27,32,49,56
200610,2,15,21,31,46,57
200610,5,11,15,23,25,30
200610,1,4,5,33,37,48
200610,10,28,32,41,47,57
200611,11,13,38,39,54,57
200611,9,15,23,45,46,56
200611,2,8,11,41,46,50
200611,9,19,37,39,50,57
200611,20,21,30,40,47,52
200611,10,29,30,34,43,52
200611,8,9,22,25,41,44
200611,5,19,25,46,51,58
200611,10,17,21,32,45,46
200612,4,29,33,36,38,42
200612,4,10,17,27,41,52
200612,1,15,26,51,54,59
200612,6,7,9,20,33,48
200612,10,21,28,40,41,47
200612,6,7,8,27,45,53
200612,18,24,30,42,51,56
200612,23,28,38,42,50,53
200612,10,14,32,47,50,56
200701,2,13,41,49,51,53
200701,3,32,33,42,48,50
200701,15,17,23,33,39,49
200701,13,16,46,53,57,58
200701,10,16,17,34,44,51
200701,18,31,33,49,57,58
200701,17,22,28,38,52,59
200701,5,6,16,24,34,60
200701,9,23,30,38,44,47
200702,7,8,11,18,37,43
200702,17,29,31,35,43,59
200702,7,22,32,36,38,51
200702,7,9,30,44,51,60
200702,1,16,34,36,45,48
200702,16,24,34,44,54,57
200702,14,19,20,40,48,52
200703,2,3,44,47,50,54
200703,14,15,27,42,44,48
200703,17,27,32,34,47,56
200703,8,9,39,44,49,58
200703,7,22,25,44,59,60
200703,3,16,19,32,35,58
200703,6,14,23,34,38,44
200703,30,38,46,51,56,59
200703,3,17,24,25,27,44
200704,3,24,31,42,43,53
200704,11,15,40,41,42,47
200704,2,3,17,49,50,59
200704,4,18,23,31,37,54
200704,9,12,34,46,47,57
200704,2,8,17,22,42,44
200704,39,40,42,47,59,60
200704,2,8,11,12,19,35
200705,15,24,32,50,53,57
200705,8,11,31,33,42,57
200705,23,26,27,41,51,53
200705,5,27,36,40,46,48
200705,10,19,26,28,44,54
200705,21,22,25,40,51,57
200705,27,29,42,49,50,51
200705,8,21,34,40,43,52
200705,1,5,10,17,47,58
200706,5,18,31,43,55,58
200706,4,19,30,34,57,59
200706,10,20,42,44,52,59
200706,18,20,24,36,53,58
200706,4,8,12,41,45,60
200706,13,15,20,28,31,36
200706,11,12,37,38,43,54
200706,10,28,29,35,42,46
200706,25,30,37,46,49,51
200707,4,18,24,43,51,56
200707,17,41,42,44,45,60
200707,21,32,37,52,53,60
200707,2,11,12,14,22,39
200707,4,13,31,33,47,51
200707,17,33,37,50,55,59
200707,1,12,21,32,34,44
200707,24,40,50,52,54,60
200708,20,24,34,39,54,60
200708,7,9,17,21,22,54
200708,15,16,19,22,34,35
200708,1,19,42,44,49,52
200708,3,18,26,51,53,56
200708,20,24,28,37,41,44
200708,2,41,43,55,57,58
200708,5,11,22,31,35,41
200708,7,21,22,43,46,57
200709,3,4,8,30,45,54
200709,18,20,36,53,54,58
200709,4,18,21,34,38,59
200709,13,16,32,33,34,56
200709,18,23,50,52,55,58
200709,5,17,20,32,41,55
200709,32,44,48,51,53,59
200709,2,4,15,16,55,57
200709,7,14,24,29,35,39
200710,9,36,37,41,51,53
200710,1,9,19,25,50,52
200710,17,22,26,28,38,42
200710,3,15,27,29,36,53
200710,1,6,28,29,46,49
200710,4,19,21,26,29,54
200710,14,30,36,38,46,59
200710,9,12,23,33,45,51
200710,17,20,26,28,48,49
200711,5,28,33,36,37,38
200711,23,25,30,46,47,59
200711,4,8,12,38,44,52
200711,3,25,31,41,43,60
200711,5,17,24,52,55,57
200711,1,9,35,41,48,57
200711,12,13,19,41,45,49
200711,2,15,39,50,53,57
200712,2,20,21,27,51,60
200712,8,22,36,37,46,52
200712,21,33,34,40,41,59
200712,19,23,26,31,33,36
200712,4,10,32,33,49,60
200712,16,27,35,39,49,57
200712,20,28,37,46,49,55
200712,7,17,19,34,36,39
200801,2,17,21,36,42,53
200801,8,14,25,39,45,51
200801,1,3,21,25,44,48
200801,7,13,18,29,31,45
200801,5,14,22,29,33,44
200801,2,21,22,30,41,52
200801,15,27,35,50,57,59
200801,6,19,23,37,49,50
200802,5,25,31,33,37,51
200802,10,11,15,27,53,60
200802,5,8,18,42,52,59
200802,3,12,23,41,47,58
200802,16,37,43,52,58,59
200802,4,8,27,44,54,59
200802,1,5,12,47,52,59
200802,3,5,11,14,33,58
200803,22,41,44,46,52,54
200803,1,23,41,44,51,52
200803,23,41,42,48,49,59
200803,14,24,34,39,49,55
200803,2,11,18,27,30,54
200803,1,16,39,42,48,55
200803,5,8,18,24,33,57
200803,5,12,21,32,33,35
200803,46,47,51,54,57,59
200804,24,25,32,34,50,57
200804,7,13,22,33,48,51
200804,3,5,11,33,39,57
200804,6,18,19,33,34,53
200804,2,4,16,21,36,53
200804,2,11,40,48,49,55
200804,15,17,37,48,50,59
200804,8,13,20,26,33,42
200804,5,30,36,39,57,58
200805,1,4,26,28,41,58
200805,5,13,14,18,30,57
200805,1,4,13,30,51,60
200805,13,25,35,41,50,56
200805,5,21,28,34,54,57
200805,4,11,14,33,44,45
200805,15,18,31,33,34,56
200805,1,8,30,36,47,53
200805,12,16,20,31,38,45
200806,9,30,33,37,40,41
200806,14,23,25,28,38,53
200806,3,5,7,9,17,32
200806,12,16,18,27,42,58
200806,3,15,28,31,39,51
200806,15,17,29,35,36,59
200806,1,8,34,41,53,58
200806,8,12,24,40,43,49
200807,16,22,32,38,40,45
200807,4,10,20,43,46,47
200807,4,16,18,46,56,59
200807,6,15,19,24,31,32
200807,13,27,31,34,47,58
200807,8,17,46,48,56,60
200807,2,21,27,29,32,38
200807,2,10,15,18,29,39
200807,8,9,15,38,41,60
200808,1,4,6,8,25,28
200808,5,24,25,26,42,60
200808,3,20,29,40,44,58
200808,4,16,31,36,54,55
200808,7,15,20,21,23,29
200808,9,17,18,32,53,55
200808,3,4,21,22,28,32
200808,18,24,36,44,55,58
200808,29,38,39,49,53,58
200809,12,15,27,37,51,60
200809,3,7,25,31,40,58
200809,5,10,16,23,26,27
200809,29,40,43,44,45,47
200809,4,6,12,37,41,42
200809,2,4,17,33,48,55
200809,4,27,36,37,49,52
200809,7,13,15,34,42,48
200810,1,6,12,29,34,58
200810,2,3,13,37,46,54
200810,2,11,21,30,35,52
200810,14,19,40,47,55,58
200810,7,9,12,19,20,41
200810,8,9,25,41,57,60
200810,3,8,17,26,28,49
200810,5,9,11,20,25,60
200810,6,19,31,34,51,56
200811,9,24,44,51,55,58
200811,4,13,23,29,46,47
200811,1,2,19,32,39,52
200811,2,33,42,43,51,55
200811,5,21,31,39,40,56
200811,2,7,8,18,40,45
200811,18,22,28,29,39,53
200811,10,27,28,29,40,52
200811,6,10,17,33,51,53
200812,18,20,33,44,47,60
200812,20,26,34,51,52,54
200812,5,16,17,20,24,32
200812,1,8,23,37,54,57
200812,24,33,40,43,46,49
200812,15,16,26,29,43,57
200812,5,6,17,33,39,54
200812,1,3,18,20,42,49
200812,1,11,26,51,59,60
200901,10,27,36,39,41,52
200901,4,36,44,46,53,56
200901,6,7,28,35,43,51
200901,2,20,24,27,36,52
200901,1,6,28,39,44,55
200901,10,12,36,44,54,57
200901,13,18,25,30,46,51
200901,14,21,25,48,51,60
200901,10,11,13,35,39,58
200902,1,5,6,17,31,50
200902,28,40,42,54,55,57
200902,1,2,8,10,14,48
200902,3,16,21,28,38,57
200902,2,5,17,29,34,52
200902,14,24,26,33,45,60
200902,7,10,11,13,43,57
200902,8,11,15,16,52,57
200903,15,27,34,42,49,53
200903,13,14,18,27,41,60
200903,12,15,16,20,27,32
200903,6,8,38,50,53,59
200903,2,3,4,15,49,59
200903,18,20,24,45,51,57
200903,1,12,14,16,37,45
200903,1,3,16,18,41,42
200904,9,21,23,30,41,56
200904,2,8,23,33,37,55
200904,1,22,44,47,49,50
200904,4,16,19,28,29,49
200904,7,19,30,39,43,57
200904,6,10,25,32,43,49
200904,4,10,14,25,28,56
200904,25,27,44,47,48,57
200904,9,17,28,45,49,53
200905,5,8,16,23,41,53
200905,5,7,37,43,53,54
200905,9,18,19,43,47,54
200905,8,25,32,34,36,44
200905,3,10,23,29,47,50
200905,10,12,16,21,39,53
200905,4,10,19,32,33,42
200905,5,6,9,11,18,37
200905,3,6,34,41,43,45
200906,5,12,24,28,36,37
200906,11,18,20,34,41,56
200906,9,16,24,29,52,56
200906,4,17,38,40,50,55
200906,10,20,23,28,42,43
200906,5,20,29,33,40,59
200906,12,21,39,40,50,55
200906,2,4,6,10,23,45
200907,3,20,28,32,36,46
200907,6,24,31,35,42,57
200907,2,18,20,32,37,48
200907,9,20,24,36,40,42
200907,17,23,24,27,49,56
200907,1,9,30,33,34,40
200907,19,23,27,38,41,49
200907,9,10,21,36,41,48
200907,10,16,21,23,27,36
200908,3,13,14,16,41,52
200908,1,17,21,33,48,56
200908,11,20,21,30,50,52
200908,14,31,35,38,44,55
200908,7,17,18,33,41,42
200908,6,7,10,12,24,57
200908,9,11,23,35,46,51
200908,10,19,28,41,55,56
200908,2,3,6,35,49,58
200909,1,15,28,43,50,57
200909,4,15,43,47,50,60
200909,3,9,20,36,53,54
200909,7,9,39,43,44,60
200909,6,8,11,14,29,52
200909,6,14,26,28,42,45
200909,4,9,25,32,33,43
200909,4,32,34,43,52,58
200909,3,6,29,36,47,59
200910,3,15,16,22,25,54
200910,18,30,37,41,44,50
200910,4,9,13,17,20,47
200910,1,6,17,27,35,40
200910,8,20,21,43,44,55
200910,10,34,41,44,45,54
200910,7,35,40,44,50,55
200910,4,17,18,54,56,59
200910,26,44,46,49,55,56
200911,4,14,19,39,45,60
200911,7,11,16,18,33,49
200911,3,7,29,33,42,56
200911,4,31,42,52,57,59
200911,5,8,14,24,29,30
200911,8,16,24,39,52,60
200911,12,17,19,32,47,55
200911,5,18,23,32,49,54
200912,1,8,16,34,36,49
200912,12,27,30,33,52,55
200912,5,10,16,21,39,58
200912,9,22,29,36,51,56
200912,4,5,6,19,23,39
200912,7,31,32,34,37,43
200912,19,21,25,28,43,50
200912,2,4,15,18,25,36
200912,9,28,31,36,37,42
200912,10,27,40,46,49,58
201001,9,37,40,50,58,60
201001,3,15,26,28,31,58
201001,3,30,35,44,47,60
201001,1,10,18,19,44,49
201001,3,16,19,24,33,60
201001,6,10,28,33,34,53
201001,6,23,31,33,39,52
201001,27,28,29,32,48,55
201001,7,8,23,36,46,54
201002,15,17,28,31,35,52
201002,1,4,14,21,25,51
201002,14,20,29,36,44,47
201002,6,17,19,34,46,55
201002,4,12,14,21,26,28
201002,20,28,40,41,51,58
201002,9,24,31,44,48,49
201002,9,29,41,43,46,49
201003,23,30,31,54,55,60
201003,5,6,34,46,53,55
201003,1,3,5,18,40,48
201003,4,7,42,47,48,51
201003,18,22,25,30,31,41
201003,5,17,31,47,51,53
201003,6,14,17,26,40,49
201003,20,40,42,52,54,60
201003,22,28,30,31,35,54
201004,20,28,43,51,52,56
201004,4,5,20,47,53,56
201004,1,11,14,23,42,48
201004,11,13,27,34,46,49
201004,3,10,13,30,41,57
201004,6,12,28,43,52,56
201004,5,7,24,25,36,47
201004,6,7,39,47,51,52
201004,2,3,12,16,37,47
201005,11,14,21,30,33,49
201005,33,38,47,50,52,55
201005,1,22,30,45,50,53
201005,5,22,28,47,59,60
201005,12,30,34,44,57,60
201005,18,20,26,31,44,45
201005,2,4,29,52,56,60
201005,5,10,12,20,29,37
201006,4,9,23,27,28,30
201006,2,10,21,35,43,54
201006,7,8,12,13,15,41
201006,8,17,19,40,43,49
201006,9,20,44,52,59,60
201006,14,21,27,31,35,50
201006,10,11,19,37,53,56
201006,3,11,16,22,25,33
201006,17,20,49,52,57,59
201007,2,9,12,14,32,54
201007,6,13,24,41,50,53
201007,17,20,26,27,55,57
201007,3,6,19,20,58,60
201007,36,37,39,49,54,60
201007,22,29,36,41,48,58
201007,16,19,23,28,39,58
201007,3,10,11,39,54,56
201007,28,32,36,49,55,60
201008,8,9,11,48,53,60
201008,7,9,30,33,38,55
201008,5,10,25,39,43,52
201008,4,13,14,26,29,35
201008,2,6,11,36,37,48
201008,9,11,22,32,35,56
201008,1,12,20,26,45,54
201008,5,14,17,30,35,38
201009,3,7,9,10,31,34
201009,3,15,31,36,48,54
201009,2,23,33,35,40,50
201009,3,11,26,34,45,53
201009,5,29,30,36,41,48
201009,10,25,30,47,50,51
201009,4,7,13,25,27,58
201009,5,11,15,28,43,50
201009,10,23,29,31,33,46
201010,2,33,34,37,41,53
201010,5,15,43,48,52,55
201010,5,14,37,43,46,58
201010,5,8,19,26,48,57
201010,15,17,35,42,47,48
201010,19,21,27,41,53,57
201010,31,32,34,40,50,55
201010,10,31,40,50,55,56
201010,4,28,30,31,35,54
201011,10,23,36,50,52,60
201011,12,30,32,40,49,60
201011,9,12,19,22,35,37
201011,5,20,23,27,39,49
201011,8,11,12,15,18,22
201011,22,29,32,49,54,59
201011,3,5,19,24,30,35
201011,10,16,20,26,49,55
201012,3,8,17,20,38,53
201012,5,18,21,26,39,59
201012,13,14,24,39,40,45
201012,1,15,37,39,48,52
201012,8,9,12,22,42,49
201012,10,13,25,26,28,45
201012,11,34,45,48,51,54
201012,9,19,23,29,32,57
201012,2,8,15,25,34,45
201012,2,10,34,37,43,50
201101,10,37,40,43,57,59
201101,3,9,11,24,36,51
201101,20,33,34,57,58,60
201101,3,8,36,40,51,53
201101,1,2,24,40,51,59
201101,5,27,34,46,48,52
201101,2,14,35,39,49,51
201101,2,17,23,43,44,51
201102,7,9,14,18,29,39
201102,5,23,38,39,51,54
201102,26,33,35,38,43,53
201102,2,15,26,27,30,52
201102,11,26,47,55,57,59
201102,4,6,39,46,54,58
201102,19,23,29,31,41,53
201102,10,14,22,41,42,53
201103,5,7,8,9,11,39
201103,4,18,26,36,41,53
201103,4,17,36,37,51,56
201103,13,19,24,46,50,60
201103,6,10,33,39,42,60
201103,4,20,30,41,47,58
201103,3,16,17,44,53,60
201103,4,5,15,17,27,51
201103,5,9,24,31,33,42
201104,1,2,39,48,52,59
201104,13,26,27,28,35,52
201104,13,19,26,40,58,60
201104,13,17,21,39,40,59
201104,2,14,48,55,58,60
201104,5,9,11,22,36,40
201104,12,18,31,50,59,60
201104,4,16,24,25,30,56
201104,8,14,29,35,36,40
201105,6,10,16,20,29,54
201105,8,11,14,30,36,38
201105,4,23,39,52,55,56
201105,8,30,40,44,59,60
201105,20,21,26,29,31,36
201105,10,15,28,31,33,38
201105,2,5,28,33,51,52
201105,11,12,31,33,42,52
201106,17,30,32,40,42,56
201106,1,3,8,13,27,52
201106,2,3,14,23,34,50
201106,18,40,47,54,57,58
201106,9,11,23,30,31,54
201106,1,13,24,40,44,50
201106,4,6,29,48,50,51
201106,2,5,15,20,43,57
201106,10,14,43,46,49,53
201107,2,5,11,13,56,59
201107,14,15,30,53,55,60
201107,8,22,32,43,53,56
201107,43,44,46,53,54,59
201107,3,16,23,25,51,56
201107,2,10,15,44,56,57
201107,8,19,46,51,52,54
201107,7,14,15,20,23,35
201107,3,5,11,36,44,46
201108,6,19,22,34,43,45
201108,7,10,32,43,47,54
201108,7,8,24,30,33,47
201108,7,12,25,26,32,39
201108,8,9,14,32,53,59
201108,7,9,12,19,45,54
201108,5,20,22,28,29,30
201108,1,4,26,39,43,49
201108,38,42,44,52,58,60
201108,1,27,29,38,50,52
201109,8,13,25,34,42,48
201109,6,13,29,30,35,37
201109,11,14,16,28,34,46
201109,4,5,16,18,27,51
201109,17,24,25,38,41,55
201109,10,47,51,53,59,60
201109,10,21,43,47,53,55
201109,6,15,25,37,48,55
201110,18,29,31,44,51,57
201110,2,5,16,20,35,43
201110,10,11,18,19,30,50
201110,16,35,36,41,52,54
201110,10,23,27,43,53,59
201110,7,8,11,39,43,50
201110,8,18,21,30,48,49
201110,9,24,26,39,46,57
201110,3,5,13,24,35,59
201111,25,26,28,33,42,51
201111,1,6,8,10,25,27
201111,3,14,20,22,49,51
201111,1,32,38,47,51,54
201111,2,20,35,38,45,51
201111,1,18,19,33,43,60
201111,7,10,14,16,54,59
201111,13,21,30,36,59,60
201111,1,11,20,37,40,52
201112,5,7,42,46,50,60
201112,19,20,31,42,51,56
201112,8,19,21,36,42,59
201112,7,17,19,26,40,50
201112,12,32,40,47,48,59
201112,9,19,45,46,54,56
201112,7,12,38,39,45,56
201112,9,19,20,50,51,60
201112,3,4,29,36,45,55
201201,13,33,36,41,50,56
201201,9,18,24,35,36,59
201201,3,11,13,27,32,47
201201,2,8,38,42,48,49
201201,11,17,24,39,46,49
201201,6,13,21,22,31,46
201201,1,19,24,26,52,55
201201,3,15,16,35,37,47
201202,6,10,12,17,28,53
201202,2,16,17,25,50,54
201202,23,27,30,37,38,44
201202,2,12,19,22,36,58
201202,25,35,42,45,52,57
201202,10,13,20,40,44,53
201202,2,24,26,32,35,50
201202,12,27,37,44,54,59
201203,2,7,13,29,38,43
201203,10,21,26,29,32,38
201203,5,16,24,32,38,46
201203,2,4,5,27,49,59
201203,3,4,8,11,47,49
201203,3,36,40,46,58,60
201203,7,27,39,52,55,57
201203,6,21,28,31,33,43
201203,14,25,28,45,53,58
201203,9,11,21,49,53,54
201204,2,5,12,13,25,35
201204,2,5,17,18,54,59
201204,5,12,36,45,50,58
201204,3,14,52,55,57,60
201204,11,27,30,40,44,57
201204,5,13,16,17,27,55
201204,7,9,23,44,46,55
201204,2,18,30,31,45,56
201205,27,35,36,37,42,59
201205,12,28,38,39,51,56
201205,18,27,32,43,50,52
201205,22,29,31,43,50,54
201205,1,16,28,39,44,57
201205,4,19,27,28,29,31
201205,7,12,19,34,40,53
201205,2,8,12,28,33,43
201205,4,18,24,28,39,44
201206,11,16,24,35,46,50
201206,5,11,17,19,44,48
201206,29,48,52,54,55,58
201206,3,4,7,15,27,56
201206,14,32,33,40,42,51
201206,34,39,43,56,57,60
201206,9,26,34,43,53,54
201206,11,12,25,33,48,54
201206,2,9,10,21,27,38
201207,13,16,20,26,39,42
201207,7,8,27,31,32,51
201207,3,14,17,32,37,39
201207,7,10,17,24,38,57
201207,18,29,31,42,43,53
201207,4,19,20,24,39,43
201207,6,19,26,47,50,58
201207,18,29,40,42,50,54
201208,8,12,32,44,46,48
201208,6,8,24,37,41,45
201208,13,15,33,45,54,55
201208,21,37,44,46,49,57
201208,26,36,40,46,49,51
201208,3,19,22,24,35,49
201208,5,12,45,52,56,59
201208,7,8,10,12,27,56
201208,17,21,30,48,52,58
201208,2,11,16,18,36,45
201209,19,31,39,44,53,59
201209,2,5,13,17,39,44
201209,3,8,21,25,27,43
201209,3,7,15,29,38,60
201209,7,16,29,36,38,50
201209,6,15,18,24,30,44
201209,8,39,44,47,53,56
201209,7,15,19,34,37,55
201209,9,12,22,39,48,60
201210,2,19,22,30,46,52
201210,5,9,13,33,40,54
201210,16,24,25,42,45,59
201210,4,13,14,40,46,52
201210,3,18,22,34,55,58
201210,4,15,45,47,50,52
201210,1,13,23,24,30,57
201210,22,23,26,37,38,48
201210,7,14,31,33,36,49
201211,2,34,35,42,43,55
201211,2,6,28,36,51,56
201211,17,29,36,38,53,56
201211,12,13,20,30,34,49
201211,12,20,32,48,52,54
201211,2,5,27,28,48,55
201211,5,19,32,41,49,58
201211,6,13,24,32,40,51
201212,1,19,28,33,39,41
201212,1,25,29,36,56,60
201212,2,6,18,30,52,56
201212,26,27,31,38,44,45
201212,2,10,11,33,52,57
201212,2,14,28,50,57,58
201212,6,13,25,32,47,57
201212,4,27,29,41,48,52
201212,14,32,33,36,41,52
201301,6,8,14,26,36,40
201301,15,16,34,42,46,59
201301,2,4,16,33,44,51
201301,2,6,30,34,35,52
201301,4,14,27,38,50,52
201301,31,36,44,47,49,54
201301,5,9,25,27,38,40
201301,13,22,28,29,40,48
201301,2,24,32,50,54,59
201302,6,11,16,26,44,53
201302,4,6,13,34,37,51
201302,23,24,26,41,52,53
201302,1,2,10,19,20,37
201302,4,13,35,54,56,58
201302,2,34,36,38,51,55
201302,10,25,33,36,40,58
201302,12,18,23,25,45,50
201303,2,12,33,57,58,60
201303,1,2,3,11,28,43
201303,12,13,37,44,48,51
201303,4,10,26,37,47,57
201303,3,4,46,50,56,59
201303,10,27,37,40,47,55
201303,21,48,50,54,57,60
201303,9,14,21,26,36,52
201303,17,27,28,40,44,55
201304,6,9,11,34,41,53
201304,1,35,39,53,55,56
201304,17,20,24,29,49,53
201304,4,27,30,36,54,59
201304,1,6,10,34,40,54
201304,4,9,17,23,28,53
201304,4,22,25,38,45,51
201304,1,15,24,26,28,48
201305,1,3,31,32,43,52
201305,6,26,45,50,56,60
201305,4,9,18,44,46,48
201305,7,12,24,27,30,49
201305,2,14,24,28,35,50
201305,4,13,14,44,49,57
201305,14,18,28,41,47,54
201305,4,5,7,27,45,58
201305,6,11,27,40,46,49
201306,8,22,26,33,37,54
201306,10,18,31,43,57,59
201306,1,7,13,29,37,54
201306,6,22,43,51,52,57
201306,3,4,16,22,36,42
201306,2,10,12,30,41,42
201306,1,2,6,9,16,32
201306,3,14,18,34,42,49
201306,24,46,50,51,52,56
201307,17,18,30,35,39,58
201307,1,6,27,46,51,59
201307,1,8,17,44,46,53
201307,4,8,17,29,31,45
201307,11,28,35,42,46,58
201307,17,28,31,56,57,58
201307,16,17,23,42,59,60
201307,4,13,14,18,49,59
201307,4,18,20,34,45,60
201308,7,17,38,45,52,56
201308,8,9,28,41,48,55
201308,5,6,15,23,56,59
201308,7,31,35,36,46,48
201308,11,14,18,30,33,39
201308,5,8,23,32,33,56
201308,22,25,31,39,41,44
201308,2,12,40,46,52,53
201308,2,26,30,35,46,54
201308,10,16,28,47,51,59
201309,16,32,36,42,44,48
201309,4,13,15,19,36,58
201309,11,15,17,34,35,49
201309,10,16,28,33,48,53
201309,12,13,24,41,42,44
201309,2,11,23,31,42,44
201309,13,21,29,34,47,57
201309,1,12,28,29,34,48
201310,8,9,25,41,54,55
201310,13,18,29,32,50,58
201310,6,10,33,50,51,56
201310,23,27,35,52,53,57
201310,8,10,20,26,49,58
201310,3,17,27,32,47,54
201310,5,24,37,44,49,58
201310,7,11,12,30,39,57
201310,7,15,20,23,30,41
201311,2,21,30,35,45,50
201311,4,6,11,24,45,48
201311,4,17,38,44,53,60
201311,2,9,10,18,21,28
201311,19,41,42,44,47,54
201311,10,12,16,20,32,53
201311,9,13,21,27,36,56
201311,2,15,19,21,23,38
201311,7,18,24,26,39,46
201312,20,21,22,29,46,60
201312,30,32,49,50,52,53
201312,2,5,23,33,52,59
201312,1,4,7,10,11,52
201312,4,16,18,31,45,46
201312,7,15,17,31,42,54
201312,8,12,16,29,37,58
201312,20,30,36,38,47,53
201401,23,26,28,54,55,60
201401,10,12,23,37,47,51
201401,1,6,13,20,36,43
201401,25,38,44,46,53,54
201401,18,37,39,41,43,51
201401,5,6,11,32,36,60
201401,2,15,30,38,48,53
201401,19,24,25,28,42,58
201401,5,15,18,31,42,53
201402,15,18,24,42,46,56
201402,3,29,32,46,55,60
201402,20,27,42,45,46,47
201402,7,16,21,35,36,38
201402,6,27,28,33,46,48
201402,1,4,5,14,45,56
201402,13,15,21,26,30,46
201402,11,14,25,32,51,59
201403,3,6,30,37,53,56
201403,25,34,40,49,51,60
201403,1,6,14,17,33,36
201403,14,15,25,30,31,34
201403,1,4,13,17,38,48
201403,2,9,17,18,45,47
201403,3,22,27,28,50,54
201403,2,43,47,48,49,55
201403,8,39,43,46,47,58
201404,8,19,21,30,52,56
201404,23,29,32,36,45,49
201404,4,5,11,19,41,51
201404,7,20,34,40,44,55
201404,4,10,23,33,38,55
201404,31,36,38,41,42,49
201404,4,9,17,18,21,38
201404,6,7,8,23,43,53
201404,2,5,8,42,46,59
201405,1,5,7,10,12,45
201405,5,10,16,44,50,52
201405,29,31,36,42,47,53
201405,3,10,15,35,36,58
201405,9,23,32,35,46,57
201405,8,10,24,45,56,60
201405,8,12,22,35,40,44
201405,13,20,27,31,53,60
201405,2,21,24,27,40,51
201406,9,19,21,30,31,42
201406,1,15,37,42,46,54
201406,7,31,32,41,51,52
201406,5,6,17,43,54,59
201406,2,6,13,26,53,60
201406,1,4,9,35,36,53
201406,24,28,47,50,51,58
201406,6,13,17,36,42,51
201407,4,18,31,44,46,49
201407,14,17,21,27,43,49
201407,5,20,26,31,33,44
201407,28,31,40,42,46,58
201407,3,23,26,31,47,54
201407,9,20,24,43,51,52
201407,5,8,17,42,46,47
201407,13,23,27,34,38,57
201407,10,22,24,38,39,49
201408,4,5,7,21,45,53
201408,33,43,49,50,56,59
201408,2,27,32,41,47,58
201408,11,22,36,40,45,52
201408,3,5,14,35,43,52
201408,20,26,32,41,45,57
201408,26,29,34,38,50,60
201408,4,20,24,35,47,59
201408,1,7,30,43,44,54
201408,4,29,44,47,48,60
201409,6,18,24,27,56,59
201409,1,2,11,13,36,49
201409,9,10,23,33,44,51
201409,8,23,28,30,32,51
201409,19,26,33,35,51,52
201409,1,5,24,47,55,56
201409,1,2,38,41,42,58
201409,16,29,34,35,49,51
201410,2,6,18,23,31,46
201410,23,29,30,33,46,51
201410,3,23,42,43,47,60
201410,16,19,20,28,37,60
201410,10,13,16,22,34,60
201410,8,18,21,31,37,38
201410,19,23,34,40,41,58
201410,12,17,23,38,53,54
201410,15,16,18,20,22,48
201411,24,33,38,42,44,54
201411,17,23,29,38,57,60
201411,8,27,35,38,41,44
201411,7,24,26,28,44,57
201411,1,21,22,27,32,45
201411,7,16,33,42,50,58
201411,7,24,28,46,53,56
201411,4,6,11,43,54,56
201411,7,10,14,37,45,54
201412,7,11,19,23,40,49
201412,4,10,20,33,37,49
201412,8,17,34,38,42,51
201412,13,16,27,43,48,58
201412,10,14,25,29,33,57
201412,18,20,27,40,49,55
201412,8,21,23,29,36,48
201412,1,5,11,16,20,56
201501,1,2,23,27,45,51
201501,7,12,24,44,51,56
201501,5,40,47,52,55,57
201501,28,29,31,45,48,49
201501,1,17,19,30,33,47
201501,21,27,31,45,55,56
201501,1,3,5,10,20,42
201501,5,10,23,24,35,47
201501,22,30,42,50,58,59
201502,3,18,34,35,36,56
201502,1,2,11,37,48,51
201502,10,15,28,33,51,52
201502,9,11,17,19,35,52
201502,1,2,27,28,46,47
201502,23,37,38,46,47,51
201502,1,6,8,11,33,50
201502,7,13,35,37,39,51
201503,4,12,32,33,34,48
201503,9,12,18,31,39,50
201503,3,18,31,39,46,51
201503,9,14,37,44,46,55
201503,15,24,37,46,49,58
201503,18,23,30,32,42,56
201503,2,5,13,27,41,53
201503,21,24,26,35,45,53
201504,1,10,24,39,45,58
201504,11,13,14,27,44,56
201504,5,15,18,19,21,38
201504,20,29,34,37,45,57
201504,24,36,38,43,44,58
201504,1,12,17,31,37,46
201504,8,23,30,51,53,58
201504,11,13,24,28,44,45
201504,1,6,10,30,33,38
201505,15,18,41,48,50,58
201505,3,9,18,32,40,56
201505,17,19,33,35,39,52
201505,3,23,26,35,39,49
201505,1,7,11,32,51,59
201505,25,27,29,37,50,51
201505,12,31,34,36,48,56
201505,7,16,20,27,36,52
201505,17,29,32,38,45,50
201505,7,19,30,35,42,47
201506,7,21,28,56,58,59
201506,22,26,38,39,45,50
201506,2,12,19,29,50,59
201506,3,10,16,23,27,29
201506,2,8,24,36,51,52
201506,16,20,35,40,53,60
201506,2,25,36,41,42,53
201506,2,9,16,37,44,58
201507,4,30,31,32,47,53
201507,1,22,31,34,44,54
201507,18,23,31,39,49,57
201507,4,12,19,33,36,38
201507,9,23,39,41,49,58
201507,14,27,30,46,52,60
201507,27,33,37,39,58,60
201507,16,18,26,30,31,34
201507,3,10,42,49,54,57
201507,4,6,19,20,40,41
201508,3,8,28,39,42,59
201508,7,14,23,43,44,53
201508,1,10,17,24,42,51
201508,5,18,27,43,49,59
201508,25,34,38,45,53,60
201508,3,5,9,14,41,46
201508,12,17,25,29,41,52
201508,6,16,33,34,45,46
201508,12,13,24,29,32,41
201508,5,8,42,50,51,59
201509,12,28,37,46,48,53
201509,9,10,17,32,34,46
201509,10,15,25,38,47,53
201509,15,18,20,32,48,49
201509,11,19,21,23,27,52
201509,4,10,29,31,34,35
201509,9,12,14,29,42,56
201509,9,13,18,47,52,60
201509,6,18,37,40,41,58
201510,6,33,34,48,53,59
201510,2,10,13,41,49,53
201510,3,13,14,29,33,43
201510,15,17,20,31,41,48
201510,15,22,23,42,51,57
201510,9,36,37,53,55,60
201510,8,15,29,35,45,54
201510,20,27,30,31,40,53
201510,2,5,8,18,30,48
201510,6,13,14,28,35,45
201511,13,25,28,37,43,56
201511,6,11,16,23,36,42
201511,2,14,21,22,51,60
201511,10,24,25,36,47,48
201511,9,10,36,50,53,55
201511,26,32,42,45,55,59
201511,9,12,15,21,31,36
201511,6,7,29,39,41,55
201511,1,6,28,37,56,58
201512,22,23,41,46,53,60
201512,16,26,35,39,44,45
201512,5,7,11,34,35,50
201512,32,37,44,47,54,60
201512,11,26,27,30,34,41
201512,2,20,27,28,32,38
201512,12,19,27,39,41,45
201512,15,30,39,41,45,59
201512,1,12,20,30,52,60
201512,2,18,31,42,51,56
201601,10,11,14,19,39,48
201601,4,19,38,44,52,55
201601,4,10,38,40,45,48
201601,12,25,30,39,56,57
201601,6,20,22,31,33,34
201601,1,8,22,49,52,53
201601,6,18,34,47,52,57
201601,4,6,16,18,21,38
201601,4,15,26,30,54,55
201601,5,11,27,41,42,54
201602,2,6,8,21,25,34
201602,1,5,13,25,26,29
201602,3,13,42,45,56,59
201602,6,25,43,57,58,59
201602,11,13,26,27,28,50
201602,12,18,46,50,53,55
201602,2,16,17,18,41,47
201602,13,14,22,54,56,58
201602,1,5,34,37,40,60
201603,30,42,47,50,55,58
201603,22,23,34,48,53,54
201603,2,13,14,35,54,57
201603,2,9,23,28,45,53
201603,1,3,4,39,51,53
201603,6,11,16,19,31,56
201603,6,19,34,43,45,54
201603,2,6,13,14,17,44
201603,4,8,29,38,49,50
201603,20,21,28,48,50,59
201604,17,22,27,31,49,57
201604,11,20,35,42,55,58
201604,1,15,16,22,25,43
201604,2,14,20,25,41,45
201604,9,12,23,24,46,54
201604,1,10,25,43,50,56
201604,5,17,32,35,37,57
201604,20,23,32,34,37,45
201604,9,11,13,15,19,51
201605,9,11,27,46,51,53
201605,8,11,25,39,41,60
201605,5,10,12,22,28,46
201605,1,4,26,39,47,55
201605,2,6,10,15,53,56
201605,17,18,26,30,33,37
201605,3,19,23,27,40,45
201605,19,22,31,36,52,53
201605,1,22,26,43,50,53
201606,4,9,21,34,54,59
201606,5,6,12,19,30,60
201606,10,11,21,50,51,54
201606,17,19,32,43,48,51
201606,26,33,42,43,53,54
201606,6,11,32,40,48,59
201606,7,13,24,30,32,53
201606,3,7,29,37,54,60
201606,15,27,28,32,48,55
201606,14,34,46,47,56,57
201607,2,3,7,16,27,42
201607,2,17,22,24,48,51
201607,8,28,36,47,50,58
201607,8,15,18,45,59,60
201607,41,44,48,50,54,57
201607,5,8,24,30,57,59
201607,7,22,28,32,56,58
201607,15,17,33,41,47,48
201607,3,6,13,38,49,51
201607,16,18,22,24,34,43
201608,8,26,28,33,41,54
201608,3,4,37,39,48,50
201608,3,9,13,29,30,51
201608,6,24,26,30,34,49
201608,1,6,45,49,50,57
201608,9,40,41,50,55,58
201608,3,5,11,27,35,44
201608,23,24,32,38,40,41
201608,8,18,21,22,35,37
201608,13,17,29,45,49,50
201609,1,2,34,39,41,45
201609,25,30,31,34,43,59
201609,6,10,15,24,38,39
201609,2,9,14,22,32,37
201609,13,23,25,35,52,53
201609,22,28,30,33,55,59
201609,1,13,14,21,26,51
201609,10,30,36,40,44,60
201609,2,4,9,35,45,60
201610,2,8,35,42,49,56
201610,16,23,45,56,58,59
201610,4,5,14,37,40,60
201610,1,5,31,32,37,42
201610,14,17,36,38,44,60
201610,3,10,17,21,22,43
201610,1,5,23,25,28,31
201610,11,23,24,26,40,52
201610,18,20,30,32,33,40
201610,3,11,17,33,52,58
201611,11,13,25,39,46,56
201611,5,25,28,41,53,54
201611,10,28,37,43,44,47
201611,1,45,47,52,53,55
201611,7,18,39,41,44,51
201611,13,16,23,24,32,35
201611,12,16,26,40,56,57
201611,5,10,20,57,58,59
201611,5,16,19,37,51,56
201611,3,10,30,44,53,56
201612,9,10,19,35,37,41
201612,16,27,28,47,59,60
201612,1,4,23,32,38,59
201612,7,14,18,23,32,59
201612,3,7,15,40,45,54
201612,11,23,34,41,46,56
201612,1,10,17,18,45,48
201612,16,23,25,28,30,44
201612,5,11,22,24,51,53
201701,1,3,19,23,47,58
201701,6,17,22,30,37,50
201701,16,17,19,28,45,58
201701,21,31,35,53,54,57
201701,2,3,5,10,15,34
201701,3,6,14,15,21,25
201701,9,22,25,47,52,58
201701,12,34,45,53,55,58
201702,20,23,35,36,44,48
201702,8,11,27,28,43,46
201702,11,12,26,30,37,53
201702,2,7,9,18,21,25
201702,9,10,15,28,43,45
201702,12,15,18,21,51,56
201702,29,35,43,54,56,57
201702,6,27,33,39,40,60
201702,3,25,35,38,44,48
201703,4,10,13,23,27,57
201703,11,40,43,45,47,57
201703,6,9,15,22,39,48
201703,16,18,23,30,32,33
201703,10,13,33,35,36,42
201703,4,14,17,43,52,56
201703,16,29,33,39,42,44
201703,2,20,21,33,48,57
201703,3,9,18,23,50,52
201704,4,21,25,33,36,46
201704,16,17,20,22,38,50
201704,11,28,37,45,54,60
201704,25,31,33,39,43,45
201704,10,15,16,19,28,35
201704,20,22,36,38,41,43
201704,9,34,42,45,46,59
201704,12,16,30,52,53,58
201704,1,17,38,43,45,47
201705,2,3,14,20,30,46
201705,5,11,13,19,30,31
201705,10,26,28,51,53,59
201705,3,10,23,36,43,52
201705,4,17,18,37,52,56
201705,2,8,9,15,22,34
201705,10,16,21,29,44,55
201705,2,14,15,19,35,59
201705,8,23,35,39,56,59
201705,1,3,10,17,23,24
201706,3,12,24,40,51,52
201706,6,10,24,29,43,55
201706,10,16,32,40,42,54
201706,7,24,29,39,45,52
201706,9,13,16,17,36,47
201706,1,9,24,38,48,49
201706,6,18,20,24,43,48
201706,9,11,12,30,39,43
201707,8,9,39,47,57,59
201707,4,8,10,21,45,54
201707,4,6,39,44,52,60
201707,8,33,40,52,55,59
201707,12,20,24,28,33,57
201707,1,6,14,22,30,56
201707,10,21,32,34,48,57
201707,14,16,19,21,33,55
201707,9,21,36,38,52,53
201707,9,26,29,42,43,45
201708,9,25,33,35,40,49
201708,15,27,33,36,41,45
201708,5,8,20,28,40,45
201708,2,14,22,23,29,47
201708,15,20,22,24,34,55
201708,8,21,27,35,43,56
201708,1,18,25,37,39,43
201708,17,25,26,30,32,50
201708,5,6,15,25,39,53
201708,4,5,7,34,42,60
201709,2,27,32,36,48,50
201709,26,28,35,38,48,55
201709,10,13,19,32,40,60
201709,13,30,32,39,46,54
201709,35,36,39,44,48,52
201709,8,20,30,32,48,59
201709,5,10,18,24,39,52
201709,4,10,41,44,52,54
201709,9,16,20,54,57,59
201709,1,12,16,17,52,60
201710,4,19,27,38,54,57
201710,8,11,24,26,47,57
201710,12,14,19,25,52,59
201710,3,16,28,32,34,37
201710,2,6,22,44,55,57
201710,22,23,29,32,38,45
201710,12,16,17,18,34,37
201710,6,15,19,37,39,53
201710,4,14,20,24,46,50
201711,5,6,10,14,22,36
201711,21,29,32,35,43,50
201711,9,28,29,34,36,55
201711,23,36,43,44,55,56
201711,10,14,31,34,45,58
201711,5,10,39,42,46,54
201711,15,22,30,32,40,58
201711,11,24,26,34,37,59
201711,19,20,28,34,36,44
201711,5,11,13,21,53,54
201712,6,17,33,48,50,57
201712,2,5,12,32,40,44
201712,14,26,29,35,37,39
201712,7,20,21,24,40,56
201712,1,7,14,31,35,46
201712,8,21,24,25,52,57
201712,15,37,38,42,49,50
201712,3,6,10,17,34,37
201801,20,22,36,42,52,60
201801,4,28,30,38,46,59
201801,28,34,40,43,50,51
201801,1,5,14,23,35,45
201801,11,19,22,33,34,53
201801,1,9,14,20,25,54
201801,4,14,39,41,54,58
201801,22,27,33,42,58,59
201801,1,37,44,46,48,50
201802,8,10,18,34,39,56
201802,2,28,32,35,54,58
201802,8,11,27,35,36,51
201802,6,23,30,36,53,56
201802,16,32,40,46,53,56
201802,17,18,27,32,39,58
201802,4,11,17,18,21,48
201802,2,10,11,24,38,56
201802,11,22,25,27,55,59
201803,23,41,46,52,54,59
201803,2,36,46,48,57,60
201803,7,14,32,37,40,60
201803,4,28,45,48,52,60
201803,1,6,7,8,23,56
201803,16,20,23,29,35,47
201803,4,24,46,52,55,56
201803,10,23,31,33,51,52
201803,11,15,29,37,39,44
201804,7,11,24,36,42,58
201804,6,15,18,33,37,40
201804,4,27,38,40,58,59
201804,18,23,37,39,50,55
201804,6,14,19,20,39,53
201804,10,18,33,38,40,43
201804,6,7,13,17,22,56
201804,30,35,36,38,49,52
201805,7,8,19,23,27,58
201805,14,16,23,30,45,60
201805,6,25,26,35,38,40
201805,6,12,22,28,31,44
201805,6,9,41,54,56,58
201805,10,12,22,25,42,54
201805,14,22,29,32,33,35
201805,21,38,53,56,57,58
201805,7,14,47,54,56,60
201805,15,25,27,45,46,50
201806,3,6,11,27,28,46
201806,1,18,19,29,44,54
201806,10,19,26,35,38,39
201806,10,19,27,31,51,53
201806,8,31,32,33,38,50
201806,1,5,6,37,44,53
201806,50,51,56,57,58,59
201806,12,22,27,37,40,55
201806,4,7,12,22,26,39
201807,6,25,35,43,46,53
201807,18,22,29,34,36,47
201807,10,13,20,37,38,54
201807,4,19,23,29,56,59
201807,4,5,36,40,44,56
201807,8,9,11,25,39,41
201807,33,36,40,44,45,54
201807,8,10,15,23,25,34
201807,6,10,19,24,25,29
201808,10,14,36,53,55,60
201808,4,11,20,30,37,43
201808,6,25,27,35,45,55
201808,2,11,13,26,32,59
201808,3,5,9,40,42,47
201808,3,17,34,35,40,48
201808,5,26,27,34,42,48
201808,24,33,34,35,46,60
201808,10,12,13,20,22,54
201808,12,15,18,30,52,55
201809,8,18,23,37,42,58
201809,7,9,23,33,57,59
201809,5,6,12,15,22,43
201809,13,16,26,35,37,39
201809,2,11,15,30,36,39
201809,1,2,14,37,55,58
201809,10,22,40,46,55,58
201809,13,18,35,40,41,42
201809,6,25,33,42,48,49
201809,1,18,19,33,56,60
201810,7,20,26,37,38,39
201810,12,21,25,37,38,49
201810,4,35,43,46,47,53
201810,2,18,19,23,34,53
201810,3,14,24,27,38,56
201810,5,10,32,38,48,49
201810,8,11,18,37,40,51
201810,10,11,12,37,38,59
201810,11,13,15,17,22,27
201810,8,14,27,34,52,54
201811,4,16,19,31,33,44
201811,16,29,35,43,49,56
201811,6,11,13,19,24,51
201811,9,24,28,45,49,51
201811,2,8,18,27,38,60
201811,5,15,20,27,30,58
201811,1,10,11,13,35,49
201811,2,8,18,37,56,58
201812,4,6,17,34,51,57
201812,3,13,40,44,46,50
201812,2,10,12,27,45,56
201812,11,13,16,24,31,46
201812,3,27,36,39,40,43
201812,8,38,44,50,56,60
201812,19,22,29,41,44,59
201812,4,12,16,34,44,49
201812,5,10,12,18,25,33
201901,1,41,44,46,54,58
201901,17,39,43,46,52,53
201901,11,14,21,25,46,50
201901,17,25,30,35,42,57
201901,4,19,27,35,40,44
201901,1,9,19,21,34,54
201901,4,28,29,30,43,52
201901,11,12,20,40,41,46
201901,19,21,26,31,42,49
201901,13,20,24,25,38,41
201902,8,10,17,29,37,40
201902,3,11,15,21,27,49
201902,14,15,47,50,56,59
201902,2,11,20,31,43,47
201902,1,31,44,46,53,58
201902,7,12,24,27,39,58
201902,1,7,28,30,44,46
201902,11,16,24,46,54,55
201902,6,12,31,32,46,60
201903,13,16,36,53,54,55
201903,2,3,6,18,20,28
201903,5,18,30,35,39,60
201903,19,20,26,51,52,57
201903,6,21,34,46,54,59
201903,9,23,28,40,48,59
201903,1,8,11,22,30,35
201903,1,2,11,12,34,49
201903,4,13,14,21,30,34
201904,14,23,29,41,57,58
201904,17,20,26,36,42,54
201904,10,11,17,19,37,41
201904,7,40,44,50,52,57
201904,2,12,35,51,57,58
201904,7,16,21,33,55,60
201904,6,8,28,51,53,59
201904,16,18,31,39,42,44
201905,17,19,37,41,42,49
201905,8,15,32,33,58,59
201905,21,23,37,44,46,48
201905,23,24,26,38,42,49
201905,2,14,18,29,36,38
201905,26,29,36,49,50,59
201905,8,13,28,31,32,33
201905,7,25,41,47,50,53
201905,2,6,27,37,44,47
201906,1,6,23,26,39,49
201906,31,33,34,35,39,48
201906,9,27,35,45,46,59
201906,14,26,35,38,45,53
201906,1,19,46,47,49,53
201906,8,9,10,24,42,44
201906,11,16,22,30,34,42
201906,8,18,20,24,36,45
201906,16,17,25,47,48,58
201907,5,37,43,49,54,56
201907,3,19,34,44,56,58
201907,27,37,38,43,45,54
201907,1,4,25,27,29,37
201907,7,34,45,51,54,59
201907,10,21,24,36,38,51
201907,12,13,19,36,44,55
201907,9,24,28,37,43,57
201907,2,9,42,44,48,50
201907,10,15,34,36,56,60
201908,7,25,32,43,53,55
201908,8,23,25,39,43,44
201908,9,11,14,31,48,51
201908,2,16,21,42,50,56
201908,2,13,24,35,50,54
201908,10,12,16,21,28,38
201908,1,8,19,33,36,48
201908,19,22,39,46,47,59
201908,13,26,30,34,43,51
201908,15,36,45,51,52,59
201909,9,18,19,22,42,47
201909,12,18,19,27,41,46
201909,10,11,16,21,46,50
201909,2,17,21,28,51,60
201909,4,11,16,22,29,33
201909,5,9,20,25,35,53
201909,4,8,26,33,46,53
201909,7,16,37,53,57,59
201909,7,8,22,27,29,42
201910,8,16,20,21,31,34
201910,14,24,32,38,46,53
201910,1,25,27,28,41,56
201910,3,11,29,35,44,57
201910,1,11,34,36,44,56
201910,15,23,30,35,38,44
201910,11,15,28,36,43,55
201910,3,13,23,41,49,53
201910,11,29,37,38,43,60
201910,17,34,46,49,50,57
201911,1,28,29,32,35,56
201911,12,21,28,37,42,57
201911,6,27,38,42,45,57
201911,6,10,11,43,53,55
201911,16,25,30,40,45,49
201911,22,25,28,32,33,47
201911,11,17,24,25,33,34
201911,27,36,40,41,44,54
201911,23,26,51,52,53,58
201912,5,7,10,32,46,60
201912,4,10,18,30,34,47
201912,1,19,21,23,33,43
201912,10,24,42,43,48,49
201912,10,14,16,30,32,36
201912,6,16,22,38,48,52
201912,8,28,36,45,57,59
201912,3,35,38,40,57,58
202001,5,23,34,45,56,57
202001,13,14,29,30,48,59
202001,2,26,40,42,49,56
202001,16,23,32,50,52,58
202001,1,32,37,44,46,47
202001,2,4,7,16,30,38
202001,6,9,12,27,32,57
202001,9,19,23,32,39,45
202001,6,11,29,40,41,58
202002,7,17,26,39,56,60
202002,4,13,25,40,53,57
202002,7,8,31,34,38,47
202002,4,6,32,35,41,45
202002,4,21,27,29,42,47
202002,14,18,30,35,55,57
202002,7,20,38,43,45,53
202002,11,20,27,28,53,60
202002,11,36,45,55,57,58
202003,7,27,31,39,45,46
202003,7,9,10,19,25,58
202003,1,13,18,26,40,56
202003,5,9,18,24,25,42
202003,14,18,28,35,38,54
202003,3,5,11,34,37,42
202003,11,14,15,18,33,34
202003,5,9,24,27,33,46
202003,1,42,44,47,48,53
202004,9,15,20,29,30,42
202004,4,9,31,47,49,53
202004,27,33,39,52,57,58
202004,5,15,22,26,54,58
202004,1,17,30,37,46,50
202004,31,32,33,39,52,55
202004,4,9,24,44,47,56
202004,15,20,39,41,49,57
202004,9,10,30,37,47,54
202005,18,21,30,31,34,51
202005,1,5,7,14,23,26
202005,20,27,41,54,56,58
202005,12,14,34,35,37,47
202005,7,23,26,27,29,51
202005,7,8,14,23,30,46
202005,9,24,33,43,49,57
202005,2,3,8,19,29,37
202005,14,20,23,39,46,50
202005,10,23,31,37,58,59
202006,20,32,33,48,49,53
202006,4,13,23,28,30,52
202006,1,11,14,23,29,55
202006,14,16,38,39,41,48
202006,6,10,27,28,41,52
202006,2,5,11,24,41,49
202006,15,16,20,38,40,58
202006,8,11,17,33,40,55
202007,2,4,25,36,50,53
202007,5,15,18,27,49,57
202007,10,22,23,37,53,60
202007,8,17,34,37,43,45
202007,5,12,14,20,27,28
202007,28,29,31,50,58,59
202007,14,27,35,40,50,55
202007,12,27,30,36,45,52
202007,4,24,37,43,59,60
202007,4,10,12,14,36,46
202008,1,7,10,12,33,42
202008,9,21,30,41,42,43
202008,2,4,6,29,41,56
202008,2,26,35,39,40,56
202008,6,9,34,37,38,45
202008,5,18,36,44,57,60
202008,12,26,31,36,37,49
202008,6,16,18,33,42,57
202008,1,2,10,37,42,48
202008,9,15,20,33,41,43
202009,6,13,26,28,35,41
202009,1,6,21,29,36,59
202009,20,22,35,40,41,59
202009,13,17,21,31,41,49
202009,2,3,19,40,44,60
202009,9,21,37,39,43,54
202009,17,18,35,36,47,52
202009,18,22,25,27,43,44
202009,3,7,17,20,48,50
202009,12,21,29,54,56,57
202010,7,16,22,38,55,57
202010,3,19,28,33,57,58
202010,16,33,38,46,53,55
202010,9,13,26,38,58,60
202010,9,11,29,30,33,60
202010,13,17,28,29,42,53
202010,3,5,9,35,43,60
202010,3,27,39,46,47,60
202010,3,20,26,45,49,58
202010,6,7,28,42,45,49
202011,1,10,17,26,30,53
202011,2,11,43,49,52,56
202011,3,8,30,33,35,48
202011,28,44,52,54,58,60
202011,6,17,25,35,40,49
202011,6,30,35,39,42,48
202011,14,25,28,41,43,46
202011,2,5,10,29,34,41
202012,20,27,35,39,50,59
202012,2,16,19,31,43,60
202012,33,34,37,46,52,60
202012,10,16,27,34,36,57
202012,30,37,45,54,57,58
202012,8,11,14,39,48,53
202012,12,14,28,42,45,55
202012,17,20,22,35,41,42
202101,11,13,16,36,53,57
202101,12,33,35,36,44,52
202101,9,16,31,41,53,55
202101,4,13,20,22,25,60
202101,9,18,23,42,47,49
202101,8,10,20,27,28,50
202101,2,9,34,49,51,55
202101,8,21,23,34,42,47
202101,4,18,29,47,48,59
202101,16,21,28,41,49,51
202102,4,9,31,32,42,46
202102,17,20,24,27,40,60
202102,4,31,42,45,49,56
202102,11,17,25,38,52,57
202102,7,16,19,22,28,55
202102,3,4,11,40,42,58
202102,8,9,17,30,58,60
202102,2,3,7,48,51,54
202103,5,10,25,32,49,54
202103,25,28,29,34,41,45
202103,19,22,35,41,47,49
202103,9,17,38,41,49,55
202103,3,19,34,41,48,53
202103,6,18,25,30,42,54
202103,7,30,31,41,50,56
202103,3,10,25,36,51,58
202103,19,28,30,34,40,51
202104,5,9,11,16,43,57
202104,31,32,39,42,43,51
202104,10,15,21,24,29,45
202104,14,21,22,29,35,46
202104,3,20,22,32,35,50
202104,6,14,24,34,39,58
202104,20,33,42,44,51,56
202104,1,17,28,37,44,50
202104,4,27,33,35,38,41
202104,5,23,29,34,53,60
202105,4,7,13,25,36,58
202105,4,9,17,19,37,60
202105,7,31,37,42,44,56
202105,4,15,30,36,39,48
202105,3,19,25,44,46,57
202105,23,24,26,44,49,60
202105,12,13,25,37,39,41
202105,2,6,44,46,53,58
202105,12,14,17,18,19,22
202106,5,18,29,35,43,44
202106,11,37,38,41,49,54
202106,2,8,26,32,46,56
202106,11,16,20,24,39,53
202106,7,23,32,41,42,47
202106,6,9,19,38,53,55
202106,13,15,16,20,40,41
202106,9,13,22,25,26,31
202106,12,24,32,37,43,60
202107,11,13,16,35,49,50
202107,8,26,30,31,38,48
202107,8,30,33,37,45,48
202107,16,30,37,39,40,51
202107,9,13,20,22,32,56
202107,5,8,13,27,36,50
202107,11,15,23,25,34,53
202107,26,27,28,32,38,51
202107,5,16,25,36,42,44
202107,4,11,12,44,45,57
202108,2,3,25,39,42,49
202108,6,14,20,39,46,48
202108,8,17,30,36,54,59
202108,27,35,42,44,51,52
202108,9,21,25,26,36,53
202108,8,11,13,33,38,48
202108,6,22,25,29,30,60
202108,10,12,14,32,33,34
202108,1,19,35,40,47,54
202109,21,38,48,49,53,59
202109,8,12,29,43,54,60
202109,13,17,31,43,54,55
202109,4,29,30,38,43,57
202109,2,29,39,49,52,58
202109,7,10,27,35,43,59
202109,7,26,29,34,43,44
202109,9,16,34,36,49,60
202109,3,22,37,40,41,48
202109,4,5,6,14,29,38
202110,10,12,26,29,35,60
202110,6,7,11,26,37,57
202110,3,7,10,11,27,46
202110,2,11,19,27,57,60
202110,10,35,43,48,50,53
202110,5,8,29,39,44,60
202110,2,3,32,35,48,57
202110,2,7,10,20,30,46
202110,16,18,38,48,51,60
202110,3,16,17,37,38,53
202111,10,31,38,46,49,54
202111,5,11,24,27,32,57
202111,3,19,25,37,44,56
202111,3,9,25,28,29,39
202111,11,37,53,55,56,60
202111,19,26,39,45,46,56
202111,8,11,22,25,26,36
202111,7,29,38,40,44,52
202112,8,9,32,52,53,57
202112,1,2,14,28,40,51
202112,5,22,30,32,33,36
202112,5,15,28,32,38,54
202112,1,19,41,46,48,55
202112,4,11,19,25,37,55
202112,2,8,34,38,47,51
202112,12,15,23,32,33,46
202201,9,41,42,46,47,54
202201,2,7,9,25,41,49
202201,1,5,12,13,17,31
202201,15,17,20,35,37,43
202201,11,25,32,37,47,56
202201,1,13,27,41,51,58
202201,13,19,29,42,49,52
202201,18,30,32,35,40,48
202201,14,20,21,31,49,52
202202,2,6,11,15,17,39
202202,13,26,31,46,51,60
202202,8,10,51,56,57,58
202202,10,14,15,24,34,44
202202,9,14,22,24,44,47
202202,21,38,50,53,56,59
202202,28,34,40,41,52,55
202202,10,19,46,47,49,50
202202,15,40,44,45,47,51
202203,15,24,33,49,53,59
202203,16,17,18,28,35,47
202203,8,11,16,21,32,37
202203,3,16,23,41,45,57
202203,11,16,31,37,42,51
202203,2,7,24,43,52,56
202203,3,8,23,29,53,54
202203,2,3,13,20,53,54
202203,1,10,19,34,35,45
202204,22,35,41,42,53,57
202204,5,28,30,38,52,55
202204,8,33,40,42,48,51
202204,8,23,29,30,36,55
202204,5,13,18,23,35,36
202204,15,18,28,42,55,60
202204,22,30,38,39,49,56
202204,1,40,44,45,58,60
202204,2,7,32,46,49,55
202204,20,33,37,38,49,50
202205,2,17,23,28,39,46
202205,10,15,17,20,21,35
202205,4,6,9,31,50,56
202205,1,8,21,27,36,37
202205,1,32,35,44,45,57
202205,20,34,38,40,49,54
202205,11,14,36,41,54,59
202205,5,12,32,38,47,60
202205,8,9,17,19,33,56
202206,23,36,42,48,54,58
202206,17,31,34,40,56,57
202206,3,10,13,25,41,42
202206,11,16,17,41,46,59
202206,22,29,38,43,48,53
202206,10,30,31,33,42,52
202206,4,9,37,43,44,56
202206,1,4,10,22,53,54
202206,8,12,14,30,33,41
202206,7,26,31,38,46,58
202207,5,14,23,46,48,52
202207,9,12,26,29,46,47
202207,11,19,38,47,56,59
202207,5,16,25,32,39,55
202207,11,27,32,40,58,59
202207,16,20,21,39,44,55
202207,3,14,16,38,43,45
202207,14,33,41,42,44,55
202207,3,5,19,26,43,51
202208,21,22,29,34,40,44
202208,4,6,12,34,35,53
202208,41,45,48,51,53,58
202208,8,37,39,50,59,60
202208,8,13,25,32,44,57
202208,4,10,15,39,41,49
202208,7,10,34,47,49,52
202208,13,19,21,35,46,50
202208,5,15,24,34,45,52
202208,3,12,19,41,45,54
202209,8,17,49,51,52,53
202209,1,5,6,16,22,39
202209,3,22,23,44,53,60
202209,3,8,20,36,38,57
202209,2,17,22,41,58,60
202209,23,28,33,38,55,59
202209,4,5,25,32,39,40
202209,1,10,27,36,37,45
202209,3,20,22,37,41,43
202210,4,13,21,26,47,51
202210,2,16,24,38,43,59
202210,8,19,29,38,48,56
202210,4,15,22,53,56,60
202210,3,5,32,56,57,59
202210,14,17,18,28,30,44
202210,1,5,18,49,55,56
202210,10,14,17,18,23,30
202210,17,18,20,37,45,53
202210,28,36,39,44,56,60
202211,1,3,24,37,51,56
202211,9,22,27,30,33,45
202211,12,24,26,31,37,48
202211,6,15,19,20,33,52
202211,1,23,32,33,36,59
202211,2,8,28,34,41,49
202211,10,28,45,47,57,59
202211,12,20,22,25,26,55
202211,2,5,27,30,46,53
202211,25,38,45,53,55,56
202212,20,23,32,36,39,57
202212,3,23,28,34,38,48
202212,10,25,31,37,38,57
202212,9,15,23,25,29,30
202212,1,6,10,30,33,35
202212,4,5,10,34,58,59
202301,1,25,29,43,46,48
202301,5,24,25,33,38,41
202301,13,15,53,54,55,58
202301,19,25,43,44,48,49
202301,3,20,45,52,53,58
202301,2,6,10,14,34,56
202301,3,13,16,25,27,33
202301,2,10,18,25,34,44
202301,9,12,20,30,32,35
202302,4,5,17,20,48,52
202302,19,22,37,44,51,56
202302,6,12,32,44,51,57
202302,5,9,14,30,38,50
202302,7,8,14,19,32,45
202302,9,13,25,39,46,54
202302,11,23,45,53,57,59
202302,10,11,19,33,58,60
202302,16,22,29,35,38,49
202303,6,7,25,28,31,52
202303,8,18,26,27,47,50
202303,9,18,33,38,41,51
202303,3,7,15,22,24,50
202303,6,26,32,35,37,49
202303,12,17,43,44,48,60
202303,4,12,14,41,46,53
202303,29,32,33,35,38,43
202303,12,18,22,31,44,50
202303,37,39,47,50,59,60
202304,5,10,26,35,38,44
202304,3,4,13,29,36,43
202304,14,17,32,36,39,60
202304,10,14,17,19,21,34
202304,2,20,27,30,52,59
202304,1,5,12,36,53,55
202304,14,26,34,36,43,59
202304,10,18,41,49,53,59
202304,5,10,11,22,23,37
202305,9,13,22,31,57,58
202305,1,15,16,25,32,36
202305,2,12,28,36,43,48
202305,10,11,21,23,28,30
202305,15,17,28,34,35,51
202305,10,14,17,25,32,39
202305,7,26,32,35,49,55
202305,1,13,34,39,50,52
202305,34,35,39,47,51,56
202305,14,26,34,54,56,58
202306,7,14,24,53,58,60
202306,23,28,34,43,47,60
202306,4,18,37,38,46,60
202306,3,8,34,40,44,55
202306,11,14,16,30,32,46
202306,3,7,13,29,52,56
202306,16,17,19,22,46,57
202306,5,11,26,35,46,54
202306,2,10,16,32,45,49
202307,7,11,25,51,57,60
202307,7,13,17,24,29,52
202307,3,21,27,32,35,60
202307,10,23,34,53,55,57
202307,4,12,18,21,25,49
202307,20,27,34,44,50,54
202307,14,26,40,42,46,52
202307,3,8,13,14,19,25
202307,5,7,22,23,41,59
202307,6,16,23,35,38,49
202308,3,14,36,42,43,44
202308,6,17,29,35,45,48
202308,5,36,39,41,44,50
202308,4,6,13,21,26,28
202308,6,9,14,16,42,47
202308,9,19,22,24,50,60
202308,10,15,20,35,37,59
202308,5,31,37,47,52,58
202308,9,10,35,44,55,58
202308,1,9,13,16,52,59
202308,13,25,31,43,57,58
202309,5,14,32,40,53,54
202309,11,32,35,40,41,48
202309,14,18,22,26,31,38
202309,14,26,36,39,50,53
202309,5,10,27,38,56,57
202309,2,23,25,33,45,54
202309,8,27,28,32,48,56
202309,6,11,29,37,56,58
202309,5,16,38,42,43,48
202309,1,2,10,32,34,59
202309,9,30,34,44,54,55
202309,2,8,11,22,48,49
202310,4,8,10,27,28,32
202310,9,24,34,39,45,50
202310,8,13,31,33,49,50
202310,2,10,29,31,56,59
202310,4,17,22,28,30,49
202310,8,22,34,42,51,59
202310,18,28,30,39,41,58
202310,9,33,39,43,50,54
202310,20,44,45,46,56,59
202310,6,11,26,32,46,56
202310,9,18,29,37,39,58
202311,6,23,35,36,37,59
202311,13,23,26,29,45,59
202311,14,32,41,43,48,60
202311,11,17,23,36,47,51
202311,10,23,30,31,49,56
202311,20,24,27,46,57,58
202311,7,27,32,33,36,53
202311,5,13,39,51,58,60
202311,11,36,46,53,55,60
202311,6,12,13,20,38,60
202311,6,30,35,38,41,56
202311,17,20,31,34,40,42
202312,7,11,27,41,56,59
202312,12,15,17,30,40,52
202312,3,14,21,22,37,39
202312,5,25,29,30,43,47
202312,1,4,8,21,46,51
202312,1,27,30,41,46,57
202312,4,7,16,35,46,54
202312,21,24,33,41,48,56
202401,16,19,43,53,57,58
202401,10,13,20,40,43,56
202401,4,27,35,45,52,56
202401,8,14,15,21,23,46
202401,1,26,31,34,42,45
202401,4,6,14,19,22,29
202401,3,7,32,34,42,54
202401,10,13,16,18,37,54
202401,7,18,20,26,38,51
202401,3,11,42,45,46,57
202401,10,20,30,42,47,53
202401,4,17,29,30,52,58
202402,1,3,23,27,47,57
202402,17,26,45,46,48,53
202402,9,16,31,46,47,51
202402,6,12,20,41,43,59
202402,2,4,24,30,34,50
202402,12,17,33,41,46,54
202402,9,16,20,47,48,52
202402,9,28,33,43,45,55
202402,13,15,28,37,40,57
202402,9,33,45,55,56,59
202402,11,29,44,45,46,50
202402,7,20,22,29,41,58
202403,15,17,32,33,34,40
202403,4,13,18,39,55,59
202403,10,11,13,25,27,42
202403,2,18,19,35,45,60
202403,9,23,31,49,54,58
202403,1,11,19,20,28,48
202403,6,13,20,34,40,46
202403,3,7,11,35,38,56
202403,3,7,10,25,31,52
202403,2,16,22,27,35,47
